{
  "metadata": {
    "name": "Eruda",
    "lastOpened": 1506788377832,
    "created": 1506788363798
  },
  "iconSets": [
    {
      "selection": [
        {
          "order": 1,
          "id": 14,
          "prevSize": 28,
          "code": 59662,
          "name": "play",
          "tempChar": ""
        },
        {
          "order": 1,
          "id": 0,
          "name": "compress",
          "prevSize": 28,
          "code": 59648,
          "tempChar": ""
        },
        {
          "order": 1,
          "id": 1,
          "name": "expand",
          "prevSize": 28,
          "code": 59649,
          "tempChar": ""
        },
        {
          "order": 1,
          "prevSize": 28,
          "name": "rotate-left",
          "id": 2,
          "code": 59659,
          "tempChar": ""
        },
        {
          "order": 1,
          "prevSize": 28,
          "name": "hand-pointer-o",
          "id": 3,
          "code": 59657,
          "tempChar": ""
        },
        {
          "order": 1,
          "prevSize": 28,
          "name": "eye",
          "id": 4,
          "code": 59658,
          "tempChar": ""
        },
        {
          "order": 1,
          "prevSize": 28,
          "name": "info-circle",
          "id": 5,
          "code": 59650,
          "tempChar": ""
        },
        {
          "order": 1,
          "prevSize": 28,
          "name": "ban",
          "id": 6,
          "code": 59651,
          "tempChar": ""
        },
        {
          "order": 1,
          "prevSize": 28,
          "name": "cog",
          "id": 7,
          "code": 59652,
          "tempChar": ""
        },
        {
          "order": 1,
          "prevSize": 28,
          "name": "trash",
          "id": 8,
          "code": 59653,
          "tempChar": ""
        },
        {
          "order": 1,
          "prevSize": 28,
          "name": "repeat",
          "id": 9,
          "code": 59654,
          "tempChar": ""
        },
        {
          "order": 1,
          "prevSize": 28,
          "name": "chevron-right",
          "id": 10,
          "code": 59655,
          "tempChar": ""
        },
        {
          "order": 2,
          "prevSize": 28,
          "name": "chevron-left",
          "id": 11,
          "code": 59656,
          "tempChar": ""
        },
        {
          "order": 1,
          "prevSize": 28,
          "name": "exclamation-triangle",
          "id": 12,
          "code": 59660,
          "tempChar": ""
        },
        {
          "order": 1,
          "prevSize": 28,
          "name": "times-circle",
          "id": 13,
          "code": 59661,
          "tempChar": ""
        }
      ],
      "id": 2,
      "metadata": {
        "name": "Font Awesome (subset)",
        "url": "https://github.com/FortAwesome/Font-Awesome",
        "designer": "Dave Gandy",
        "designerURL": "https://github.com/davegandy",
        "license": "Custom",
        "licenseURL": "https://github.com/FortAwesome/Font-Awesome#license",
        "iconsHash": 309851062,
        "importSize": {
          "width": 22,
          "height": 28
        }
      },
      "height": 1024,
      "prevSize": 28,
      "icons": [
        {
          "id": 14,
          "paths": [
            "M790.857 529.714l-758.857 421.714c-17.714 9.714-32 1.143-32-18.857v-841.143c0-20 14.286-28.571 32-18.857l758.857 421.714c17.714 9.714 17.714 25.714 0 35.429z"
          ],
          "attrs": [
            {}
          ],
          "width": 809,
          "isMulticolor": false,
          "isMulticolor2": false,
          "tags": [
            "play"
          ],
          "grid": 14
        },
        {
          "id": 0,
          "paths": [
            "M438.857 548.571v256c0 20-16.571 36.571-36.571 36.571-9.714 0-18.857-4-25.714-10.857l-82.286-82.286-189.714 189.714c-3.429 3.429-8.571 5.714-13.143 5.714s-9.714-2.286-13.143-5.714l-65.143-65.143c-3.429-3.429-5.714-8.571-5.714-13.143s2.286-9.714 5.714-13.143l189.714-189.714-82.286-82.286c-6.857-6.857-10.857-16-10.857-25.714 0-20 16.571-36.571 36.571-36.571h256c20 0 36.571 16.571 36.571 36.571zM870.286 164.571c0 4.571-2.286 9.714-5.714 13.143l-189.714 189.714 82.286 82.286c6.857 6.857 10.857 16 10.857 25.714 0 20-16.571 36.571-36.571 36.571h-256c-20 0-36.571-16.571-36.571-36.571v-256c0-20 16.571-36.571 36.571-36.571 9.714 0 18.857 4 25.714 10.857l82.286 82.286 189.714-189.714c3.429-3.429 8.571-5.714 13.143-5.714s9.714 2.286 13.143 5.714l65.143 65.143c3.429 3.429 5.714 8.571 5.714 13.143z"
          ],
          "width": 878,
          "attrs": [
            {}
          ],
          "isMulticolor": false,
          "isMulticolor2": false,
          "tags": [
            "compress"
          ],
          "grid": 14
        },
        {
          "id": 1,
          "paths": [
            "M431.429 603.429c0 4.571-2.286 9.714-5.714 13.143l-189.714 189.714 82.286 82.286c6.857 6.857 10.857 16 10.857 25.714 0 20-16.571 36.571-36.571 36.571h-256c-20 0-36.571-16.571-36.571-36.571v-256c0-20 16.571-36.571 36.571-36.571 9.714 0 18.857 4 25.714 10.857l82.286 82.286 189.714-189.714c3.429-3.429 8.571-5.714 13.143-5.714s9.714 2.286 13.143 5.714l65.143 65.143c3.429 3.429 5.714 8.571 5.714 13.143zM877.714 109.714v256c0 20-16.571 36.571-36.571 36.571-9.714 0-18.857-4-25.714-10.857l-82.286-82.286-189.714 189.714c-3.429 3.429-8.571 5.714-13.143 5.714s-9.714-2.286-13.143-5.714l-65.143-65.143c-3.429-3.429-5.714-8.571-5.714-13.143s2.286-9.714 5.714-13.143l189.714-189.714-82.286-82.286c-6.857-6.857-10.857-16-10.857-25.714 0-20 16.571-36.571 36.571-36.571h256c20 0 36.571 16.571 36.571 36.571z"
          ],
          "width": 878,
          "attrs": [
            {}
          ],
          "isMulticolor": false,
          "isMulticolor2": false,
          "tags": [
            "expand"
          ],
          "grid": 14
        },
        {
          "id": 2,
          "paths": [
            "M877.714 512q0 89.143-34.857 170.286t-93.714 140-140 93.714-170.286 34.857q-98.286 0-186.857-41.429t-150.857-116.857q-4-5.714-3.714-12.857t4.857-11.714l78.286-78.857q5.714-5.143 14.286-5.143 9.143 1.143 13.143 6.857 41.714 54.286 102.286 84t128.571 29.714q59.429 0 113.429-23.143t93.429-62.571 62.571-93.429 23.143-113.429-23.143-113.429-62.571-93.429-93.429-62.571-113.429-23.143q-56 0-107.429 20.286t-91.429 58l78.286 78.857q17.714 17.143 8 39.429-9.714 22.857-33.714 22.857h-256q-14.857 0-25.714-10.857t-10.857-25.714v-256q0-24 22.857-33.714 22.286-9.714 39.429 8l74.286 73.714q61.143-57.714 139.714-89.429t162.571-31.714q89.143 0 170.286 34.857t140 93.714 93.714 140 34.857 170.286z"
          ],
          "width": 878,
          "attrs": [],
          "isMulticolor": false,
          "isMulticolor2": false,
          "tags": [
            "rotate-left",
            "undo"
          ],
          "defaultCode": 59659,
          "grid": 14
        },
        {
          "id": 3,
          "paths": [
            "M365.714 73.143q-30.286 0-51.714 21.429t-21.429 51.714v512l-86.286-115.429q-23.429-30.857-61.143-30.857-29.714 0-50.857 21.714t-21.143 51.429q0 24.571 14.857 44l219.429 292.571q21.714 29.143 58.286 29.143h410.286q12.571 0 22.571-7.714t12.857-19.714l52.571-210.286q13.714-54.857 13.714-110.857v-124q0-23.429-16-40.571t-38.857-17.143-38.857 16-16 38.857h-18.286v-34.857q0-27.429-18.286-46.571t-45.714-19.143q-26.286 0-45.143 18.857t-18.857 45.143v36.571h-18.286v-51.429q0-31.429-21.143-54t-52-22.571q-30.286 0-51.714 21.429t-21.429 51.714v54.857h-18.286v-325.714q0-31.429-21.143-54t-52-22.571zM365.714 0q61.143 0 103.714 44.286t42.571 105.429v125.714q12.571-1.143 18.286-1.143 56.571 0 98.857 39.429 26.857-12 56.571-12 64.571 0 105.143 49.714 15.429-4 32-4 53.714 0 90.857 38.571t37.143 92.286v124q0 66.286-16 128.571l-52.571 210.286q-9.143 36.571-38.857 59.714t-67.429 23.143h-410.286q-34.286 0-65.429-15.714t-51.714-42.571l-219.429-292.571q-29.143-38.857-29.143-88 0-60 42.571-103.143t102.571-43.143q40.571 0 74.286 20v-312.571q0-60.571 42.857-103.429t103.429-42.857zM438.857 804.571v-219.429h-18.286v219.429h18.286zM585.143 804.571v-219.429h-18.286v219.429h18.286zM731.429 804.571v-219.429h-18.286v219.429h18.286z"
          ],
          "width": 951,
          "attrs": [],
          "isMulticolor": false,
          "isMulticolor2": false,
          "tags": [
            "hand-pointer-o"
          ],
          "defaultCode": 59657,
          "grid": 14
        },
        {
          "id": 4,
          "paths": [
            "M950.857 548.571q-86.857-134.857-217.714-201.714 34.857 59.429 34.857 128.571 0 105.714-75.143 180.857t-180.857 75.143-180.857-75.143-75.143-180.857q0-69.143 34.857-128.571-130.857 66.857-217.714 201.714 76 117.143 190.571 186.571t248.286 69.429 248.286-69.429 190.571-186.571zM539.429 329.143q0-11.429-8-19.429t-19.429-8q-71.429 0-122.571 51.143t-51.143 122.571q0 11.429 8 19.429t19.429 8 19.429-8 8-19.429q0-49.143 34.857-84t84-34.857q11.429 0 19.429-8t8-19.429zM1024 548.571q0 19.429-11.429 39.429-80 131.429-215.143 210.571t-285.429 79.143-285.429-79.429-215.143-210.286q-11.429-20-11.429-39.429t11.429-39.429q80-130.857 215.143-210.286t285.429-79.429 285.429 79.429 215.143 210.286q11.429 20 11.429 39.429z"
          ],
          "attrs": [],
          "isMulticolor": false,
          "isMulticolor2": false,
          "tags": [
            "eye"
          ],
          "defaultCode": 59658,
          "grid": 14
        },
        {
          "id": 5,
          "paths": [
            "M585.143 786.286v-91.429q0-8-5.143-13.143t-13.143-5.143h-54.857v-292.571q0-8-5.143-13.143t-13.143-5.143h-182.857q-8 0-13.143 5.143t-5.143 13.143v91.429q0 8 5.143 13.143t13.143 5.143h54.857v182.857h-54.857q-8 0-13.143 5.143t-5.143 13.143v91.429q0 8 5.143 13.143t13.143 5.143h256q8 0 13.143-5.143t5.143-13.143zM512 274.286v-91.429q0-8-5.143-13.143t-13.143-5.143h-109.714q-8 0-13.143 5.143t-5.143 13.143v91.429q0 8 5.143 13.143t13.143 5.143h109.714q8 0 13.143-5.143t5.143-13.143zM877.714 512q0 119.429-58.857 220.286t-159.714 159.714-220.286 58.857-220.286-58.857-159.714-159.714-58.857-220.286 58.857-220.286 159.714-159.714 220.286-58.857 220.286 58.857 159.714 159.714 58.857 220.286z"
          ],
          "width": 878,
          "attrs": [],
          "isMulticolor": false,
          "isMulticolor2": false,
          "tags": [
            "info-circle"
          ],
          "defaultCode": 59648,
          "grid": 14
        },
        {
          "id": 6,
          "paths": [
            "M749.714 510.286q0-92-49.714-168.571l-430.857 430.286q78.286 50.857 169.714 50.857 63.429 0 120.857-24.857t99.143-66.571 66.286-99.714 24.571-121.429zM178.857 681.143l431.429-430.857q-77.143-52-171.429-52-84.571 0-156 41.714t-113.143 113.714-41.714 156.571q0 92.571 50.857 170.857zM877.714 510.286q0 89.714-34.857 171.429t-93.429 140.571-140 93.714-170.571 34.857-170.571-34.857-140-93.714-93.429-140.571-34.857-171.429 34.857-171.143 93.429-140.286 140-93.714 170.571-34.857 170.571 34.857 140 93.714 93.429 140.286 34.857 171.143z"
          ],
          "width": 878,
          "attrs": [],
          "isMulticolor": false,
          "isMulticolor2": false,
          "tags": [
            "ban"
          ],
          "defaultCode": 59649,
          "grid": 14
        },
        {
          "id": 7,
          "paths": [
            "M585.143 512q0-60.571-42.857-103.429t-103.429-42.857-103.429 42.857-42.857 103.429 42.857 103.429 103.429 42.857 103.429-42.857 42.857-103.429zM877.714 449.714v126.857q0 6.857-4.571 13.143t-11.429 7.429l-105.714 16q-10.857 30.857-22.286 52 20 28.571 61.143 78.857 5.714 6.857 5.714 14.286t-5.143 13.143q-15.429 21.143-56.571 61.714t-53.714 40.571q-6.857 0-14.857-5.143l-78.857-61.714q-25.143 13.143-52 21.714-9.143 77.714-16.571 106.286-4 16-20.571 16h-126.857q-8 0-14-4.857t-6.571-12.286l-16-105.143q-28-9.143-51.429-21.143l-80.571 61.143q-5.714 5.143-14.286 5.143-8 0-14.286-6.286-72-65.143-94.286-96-4-5.714-4-13.143 0-6.857 4.571-13.143 8.571-12 29.143-38t30.857-40.286q-15.429-28.571-23.429-56.571l-104.571-15.429q-7.429-1.143-12-7.143t-4.571-13.429v-126.857q0-6.857 4.571-13.143t10.857-7.429l106.286-16q8-26.286 22.286-52.571-22.857-32.571-61.143-78.857-5.714-6.857-5.714-13.714 0-5.714 5.143-13.143 14.857-20.571 56.286-61.429t54-40.857q7.429 0 14.857 5.714l78.857 61.143q25.143-13.143 52-21.714 9.143-77.714 16.571-106.286 4-16 20.571-16h126.857q8 0 14 4.857t6.571 12.286l16 105.143q28 9.143 51.429 21.143l81.143-61.143q5.143-5.143 13.714-5.143 7.429 0 14.286 5.714 73.714 68 94.286 97.143 4 4.571 4 12.571 0 6.857-4.571 13.143-8.571 12-29.143 38t-30.857 40.286q14.857 28.571 23.429 56l104.571 16q7.429 1.143 12 7.143t4.571 13.429z"
          ],
          "width": 878,
          "attrs": [],
          "isMulticolor": false,
          "isMulticolor2": false,
          "tags": [
            "cog",
            "gear"
          ],
          "defaultCode": 59650,
          "grid": 14
        },
        {
          "id": 8,
          "paths": [
            "M292.571 786.286v-402.286q0-8-5.143-13.143t-13.143-5.143h-36.571q-8 0-13.143 5.143t-5.143 13.143v402.286q0 8 5.143 13.143t13.143 5.143h36.571q8 0 13.143-5.143t5.143-13.143zM438.857 786.286v-402.286q0-8-5.143-13.143t-13.143-5.143h-36.571q-8 0-13.143 5.143t-5.143 13.143v402.286q0 8 5.143 13.143t13.143 5.143h36.571q8 0 13.143-5.143t5.143-13.143zM585.143 786.286v-402.286q0-8-5.143-13.143t-13.143-5.143h-36.571q-8 0-13.143 5.143t-5.143 13.143v402.286q0 8 5.143 13.143t13.143 5.143h36.571q8 0 13.143-5.143t5.143-13.143zM274.286 219.429h256l-27.429-66.857q-4-5.143-9.714-6.286h-181.143q-5.714 1.143-9.714 6.286zM804.571 237.714v36.571q0 8-5.143 13.143t-13.143 5.143h-54.857v541.714q0 47.429-26.857 82t-64.571 34.571h-475.429q-37.714 0-64.571-33.429t-26.857-80.857v-544h-54.857q-8 0-13.143-5.143t-5.143-13.143v-36.571q0-8 5.143-13.143t13.143-5.143h176.571l40-95.429q8.571-21.143 30.857-36t45.143-14.857h182.857q22.857 0 45.143 14.857t30.857 36l40 95.429h176.571q8 0 13.143 5.143t5.143 13.143z"
          ],
          "width": 805,
          "attrs": [],
          "isMulticolor": false,
          "isMulticolor2": false,
          "tags": [
            "trash"
          ],
          "defaultCode": 59651,
          "grid": 14
        },
        {
          "id": 9,
          "paths": [
            "M877.714 146.286v256q0 14.857-10.857 25.714t-25.714 10.857h-256q-24 0-33.714-22.857-9.714-22.286 8-39.429l78.857-78.857q-84.571-78.286-199.429-78.286-59.429 0-113.429 23.143t-93.429 62.571-62.571 93.429-23.143 113.429 23.143 113.429 62.571 93.429 93.429 62.571 113.429 23.143q68 0 128.571-29.714t102.286-84q4-5.714 13.143-6.857 8 0 14.286 5.143l78.286 78.857q5.143 4.571 5.429 11.714t-4.286 12.857q-62.286 75.429-150.857 116.857t-186.857 41.429q-89.143 0-170.286-34.857t-140-93.714-93.714-140-34.857-170.286 34.857-170.286 93.714-140 140-93.714 170.286-34.857q84 0 162.571 31.714t139.714 89.429l74.286-73.714q16.571-17.714 40-8 22.286 9.714 22.286 33.714z"
          ],
          "width": 878,
          "attrs": [],
          "isMulticolor": false,
          "isMulticolor2": false,
          "tags": [
            "repeat",
            "rotate-right"
          ],
          "defaultCode": 59652,
          "grid": 14
        },
        {
          "id": 10,
          "paths": [
            "M632.571 501.143l-424 424q-10.857 10.857-25.714 10.857t-25.714-10.857l-94.857-94.857q-10.857-10.857-10.857-25.714t10.857-25.714l303.429-303.429-303.429-303.429q-10.857-10.857-10.857-25.714t10.857-25.714l94.857-94.857q10.857-10.857 25.714-10.857t25.714 10.857l424 424q10.857 10.857 10.857 25.714t-10.857 25.714z"
          ],
          "width": 695,
          "attrs": [],
          "isMulticolor": false,
          "isMulticolor2": false,
          "tags": [
            "chevron-right"
          ],
          "defaultCode": 59653,
          "grid": 14
        },
        {
          "id": 11,
          "paths": [
            "M669.143 172l-303.429 303.429 303.429 303.429q10.857 10.857 10.857 25.714t-10.857 25.714l-94.857 94.857q-10.857 10.857-25.714 10.857t-25.714-10.857l-424-424q-10.857-10.857-10.857-25.714t10.857-25.714l424-424q10.857-10.857 25.714-10.857t25.714 10.857l94.857 94.857q10.857 10.857 10.857 25.714t-10.857 25.714z"
          ],
          "width": 768,
          "attrs": [],
          "isMulticolor": false,
          "isMulticolor2": false,
          "tags": [
            "chevron-left"
          ],
          "defaultCode": 59654,
          "grid": 14
        },
        {
          "id": 12,
          "paths": [
            "M585.143 785.714v-108.571q0-8-5.429-13.429t-12.857-5.429h-109.714q-7.429 0-12.857 5.429t-5.429 13.429v108.571q0 8 5.429 13.429t12.857 5.429h109.714q7.429 0 12.857-5.429t5.429-13.429zM584 572l10.286-262.286q0-6.857-5.714-10.857-7.429-6.286-13.714-6.286h-125.714q-6.286 0-13.714 6.286-5.714 4-5.714 12l9.714 261.143q0 5.714 5.714 9.429t13.714 3.714h105.714q8 0 13.429-3.714t6-9.429zM576 38.286l438.857 804.571q20 36-1.143 72-9.714 16.571-26.571 26.286t-36.286 9.714h-877.714q-19.429 0-36.286-9.714t-26.571-26.286q-21.143-36-1.143-72l438.857-804.571q9.714-17.714 26.857-28t37.143-10.286 37.143 10.286 26.857 28z"
          ],
          "attrs": [],
          "isMulticolor": false,
          "isMulticolor2": false,
          "tags": [
            "exclamation-triangle",
            "warning"
          ],
          "defaultCode": 59655,
          "grid": 14
        },
        {
          "id": 13,
          "paths": [
            "M656.571 641.143q0-14.857-10.857-25.714l-103.429-103.429 103.429-103.429q10.857-10.857 10.857-25.714 0-15.429-10.857-26.286l-51.429-51.429q-10.857-10.857-26.286-10.857-14.857 0-25.714 10.857l-103.429 103.429-103.429-103.429q-10.857-10.857-25.714-10.857-15.429 0-26.286 10.857l-51.429 51.429q-10.857 10.857-10.857 26.286 0 14.857 10.857 25.714l103.429 103.429-103.429 103.429q-10.857 10.857-10.857 25.714 0 15.429 10.857 26.286l51.429 51.429q10.857 10.857 26.286 10.857 14.857 0 25.714-10.857l103.429-103.429 103.429 103.429q10.857 10.857 25.714 10.857 15.429 0 26.286-10.857l51.429-51.429q10.857-10.857 10.857-26.286zM877.714 512q0 119.429-58.857 220.286t-159.714 159.714-220.286 58.857-220.286-58.857-159.714-159.714-58.857-220.286 58.857-220.286 159.714-159.714 220.286-58.857 220.286 58.857 159.714 159.714 58.857 220.286z"
          ],
          "width": 878,
          "attrs": [],
          "isMulticolor": false,
          "isMulticolor2": false,
          "tags": [
            "times-circle"
          ],
          "defaultCode": 59656,
          "grid": 14
        }
      ],
      "colorThemes": [],
      "colorThemeIdx": 0,
      "invisible": false
    }
  ],
  "preferences": {
    "showGlyphs": true,
    "showQuickUse": true,
    "showQuickUse2": true,
    "showSVGs": true,
    "fontPref": {
      "prefix": "icon-",
      "metadata": {
        "fontFamily": "icomoon"
      },
      "metrics": {
        "emSize": 1024,
        "baseline": 6.25,
        "whitespace": 50
      },
      "embed": false
    },
    "imagePref": {
      "prefix": "icon-",
      "png": true,
      "useClassSelector": true,
      "color": 0,
      "bgColor": 16777215,
      "classSelector": ".icon"
    },
    "historySize": 50,
    "showCodes": true,
    "gridSize": 16
  },
  "uid": -1
}